[
	{
		"name": "Amit Prajapati",
		"otp": 163107,
		"phone": "9628281021",
		"message": "Hi,Your OTP is:",
		"created_time": 1666068660121
	},
	{
		"name": "Amit Prajapati",
		"otp": 422098,
		"phone": "9628281021",
		"message": "Hi,Your OTP is:",
		"created_time": 1666067996625
	},
	{
		"name": "Amit Prajapati",
		"otp": 418808,
		"phone": "9628281021",
		"message": "Hi,Your OTP is:",
		"created_time": 1666028748607
	},
	{
		"name": "Amit Prajapati",
		"otp": 878754,
		"phone": "9628281021",
		"message": "Hi,Your OTP is:",
		"created_time": 1666028651259
	},
	{
		"name": "Amit Prajapati",
		"otp": 366225,
		"phone": "9628281021",
		"message": "Hi,Your OTP is:",
		"created_time": 1666028616754
	},
	{
		"name": "Amit Prajapati",
		"otp": 752803,
		"phone": "9628281021",
		"message": "Hi,Your OTP is:",
		"created_time": 1666028608387
	},
	{
		"name": "Amit Prajapati",
		"otp": 915084,
		"phone": "9628281021",
		"message": "Hi,Your OTP is:",
		"created_time": 1666028539645
	},
	{
		"name": "Amit Prajapati",
		"otp": 937655,
		"phone": "9628281021",
		"message": "Hi,Your OTP is:",
		"created_time": 1666028454469
	},
	{
		"name": "Amit Prajapati",
		"otp": 625925,
		"phone": "9628281021",
		"message": "Hi,Your OTP is:",
		"created_time": 1666028282280
	},
	{
		"name": "Amit Prajapati",
		"otp": 308505,
		"phone": "9628281021",
		"message": "Hi,Your OTP is:",
		"created_time": 1666028208430
	},
	{
		"name": "Amit Prajapati",
		"otp": 190505,
		"phone": "9628281021",
		"message": "Hi,Your OTP is:",
		"created_time": 1666028167209
	},
	{
		"name": "Amit Prajapati",
		"otp": 568475,
		"phone": "9628281021",
		"message": "Hi,Your OTP is:",
		"created_time": 1666028069333
	},
	{
		"name": "Amit Prajapati",
		"otp": 262571,
		"phone": "9628281021",
		"message": "Hi,Your OTP is:",
		"created_time": 1666028044866
	},
	{
		"name": "Amit Prajapati",
		"otp": 890056,
		"phone": "9628281021",
		"message": "Hi,Your OTP is:",
		"created_time": 1666027974016
	},
	{
		"name": "Amit Prajapati",
		"otp": 298793,
		"phone": "9628281021",
		"message": "Hi,Your OTP is:",
		"created_time": 1666027848883
	},
	{
		"name": "Amit Prajapati",
		"otp": 940194,
		"phone": "9628281021",
		"message": "Hi,Your OTP is:",
		"created_time": 1666027808911
	},
	{
		"name": "Amit Prajapati",
		"otp": 132216,
		"phone": "9628281021",
		"message": "Hi,Your OTP is:",
		"created_time": 1666027758533
	},
	{
		"name": "Amit Prajapati",
		"otp": 263816,
		"phone": "9628281021",
		"message": "Hi,Your OTP is:",
		"created_time": 1666027666837
	},
	{
		"name": "Amit Prajapati",
		"otp": 395594,
		"phone": "9628281021",
		"message": "Hi,Your OTP is:",
		"created_time": 1666027634906
	},
	{
		"name": "Amit Prajapati",
		"otp": 600459,
		"phone": "9628281021",
		"message": "Hi,Your OTP is:",
		"created_time": 1666027394531
	},
	{
		"name": "Amit Prajapati",
		"otp": 362077,
		"phone": "9628281021",
		"message": "Hi,Your OTP is:",
		"created_time": 1666027321110
	},
	{
		"name": "Amit Prajapati",
		"otp": 339683,
		"phone": "9628281021",
		"message": "Hi,Your OTP is:",
		"created_time": 1666027306716
	},
	{
		"name": "Amit Prajapati",
		"otp": 751996,
		"phone": "9628281021",
		"message": "Hi,Your OTP is:",
		"created_time": 1666026958988
	},
	{
		"name": "Amit Prajapati",
		"otp": 557430,
		"phone": "9628281021",
		"message": "Hi,Your OTP is:",
		"created_time": 1666026787149
	},
	{
		"name": "Amit Prajapati",
		"otp": 280049,
		"phone": "9628281021",
		"message": "Hi,Your OTP is:",
		"created_time": 1666026153418
	},
	{
		"name": "Amit Prajapati",
		"otp": 631302,
		"phone": "9628281021",
		"message": "Hi,Your OTP is:",
		"created_time": 1666026130366
	},
	{
		"name": "Amit Prajapati",
		"otp": 779513,
		"phone": "9628281021",
		"message": "Hi,Your OTP is:",
		"created_time": 1666024920408
	},
	{
		"name": "Amit Prajapati",
		"otp": 531036,
		"phone": "9628281021",
		"message": "Hi,Your OTP is:",
		"created_time": 1666024845698
	},
	{
		"name": "Amit Prajapati",
		"otp": 655687,
		"phone": "9628281021",
		"message": "Hi,Your OTP is:",
		"created_time": 1666024790374
	},
	{
		"name": "Amit Prajapati",
		"otp": 422225,
		"phone": "9628281021",
		"message": "Hi,Your OTP is:",
		"created_time": 1666024718959
	},
	{
		"name": "Amit Prajapati",
		"otp": 719449,
		"phone": "9628281021",
		"message": "Hi,Your OTP is:",
		"created_time": 1666024656091
	},
	{
		"name": "B Kumar",
		"otp": 624054,
		"phone": "456",
		"message": "Hi,Your OTP is:624054d624054d624054d624054d624054d624054d624054d624054d624054d624054d624054d624054d",
		"created_time": 1666021343322
	}
]